,P,C,G,M,A,Total Vehicle Cost [$1000],Total Vehicle Weight [kg],Battery charge time [h],Power Consumption [Wh/km],Range [km],Average Speed [km/h]
0,P1,C1,G1,M1,A3,35.2,1883.0,5.0,194.8,256.67,55.76
1,P1,C1,G1,M1,A4,55.2,1913.0,5.0,198.8,251.51,54.89
2,P1,C1,G1,M1,A5,80.2,1973.0,5.0,207.3,241.2,53.22
3,P1,C1,G1,M2,A3,35.4,1861.0,5.0,192.6,259.61,56.42
4,P1,C1,G1,M2,A4,55.4,1891.0,5.0,196.6,254.32,55.53
5,P1,C1,G1,M2,A5,80.4,1951.0,5.0,205.1,243.78,53.82
6,P1,C1,G1,M3,A3,35.65,1941.0,5.0,200.6,249.25,75.73
7,P1,C1,G1,M3,A4,55.65,1971.0,5.0,204.6,244.38,74.58
8,P1,C1,G1,M3,A5,80.65,2031.0,5.0,213.1,234.63,72.38
9,P1,C1,G1,M4,A3,37.6,1901.0,5.0,196.6,254.32,165.7
10,P1,C1,G1,M4,A4,57.6,1931.0,5.0,200.6,249.25,163.13
11,P1,C1,G1,M4,A5,82.6,1991.0,5.0,209.1,239.12,158.21
12,P1,C1,G2,M1,A3,36.7,1883.8,2.5,194.88,256.57,55.74
13,P1,C1,G2,M1,A4,56.7,1913.8,2.5,198.88,251.41,54.86
14,P1,C1,G2,M1,A5,81.7,1973.8,2.5,207.38,241.1,53.2
15,P1,C1,G2,M2,A3,36.9,1861.8,2.5,192.68,259.5,56.4
16,P1,C1,G2,M2,A4,56.9,1891.8,2.5,196.68,254.22,55.5
17,P1,C1,G2,M2,A5,81.9,1951.8,2.5,205.18,243.69,53.8
18,P1,C1,G2,M3,A3,37.15,1941.8,2.5,200.68,249.15,75.7
19,P1,C1,G2,M3,A4,57.15,1971.8,2.5,204.68,244.28,74.55
20,P1,C1,G2,M3,A5,82.15,2031.8,2.5,213.18,234.54,72.35
21,P1,C1,G2,M4,A3,39.1,1901.8,2.5,196.68,254.22,165.63
22,P1,C1,G2,M4,A4,59.1,1931.8,2.5,200.68,249.15,163.06
23,P1,C1,G2,M4,A5,84.1,1991.8,2.5,209.18,239.03,158.15
24,P1,C1,G3,M1,A3,44.2,1887.0,0.83,195.2,256.15,55.64
25,P1,C1,G3,M1,A4,64.2,1917.0,0.83,199.2,251.0,54.77
26,P1,C1,G3,M1,A5,89.2,1977.0,0.83,207.7,240.73,53.11
27,P1,C1,G3,M2,A3,44.4,1865.0,0.83,193.0,259.07,56.3
28,P1,C1,G3,M2,A4,64.4,1895.0,0.83,197.0,253.81,55.41
29,P1,C1,G3,M2,A5,89.4,1955.0,0.83,205.5,243.31,53.71
30,P1,C1,G3,M3,A3,44.65,1945.0,0.83,201.0,248.76,75.58
31,P1,C1,G3,M3,A4,64.65,1975.0,0.83,205.0,243.9,74.43
32,P1,C1,G3,M3,A5,89.65,2035.0,0.83,213.5,234.19,72.24
33,P1,C1,G3,M4,A3,46.6,1905.0,0.83,197.0,253.81,165.35
34,P1,C1,G3,M4,A4,66.6,1935.0,0.83,201.0,248.76,162.79
35,P1,C1,G3,M4,A5,91.6,1995.0,0.83,209.5,238.66,157.89
36,P1,C2,G1,M1,A3,40.2,2133.0,5.0,189.8,263.44,49.23
37,P1,C2,G1,M1,A4,60.2,2163.0,5.0,193.8,258.0,48.54
38,P1,C2,G1,M1,A5,85.2,2223.0,5.0,202.3,247.16,47.23
39,P1,C2,G1,M2,A3,40.4,2111.0,5.0,187.6,266.52,49.74
40,P1,C2,G1,M2,A4,60.4,2141.0,5.0,191.6,260.96,49.04
41,P1,C2,G1,M2,A5,85.4,2201.0,5.0,200.1,249.88,47.71
42,P1,C2,G1,M3,A3,40.65,2191.0,5.0,195.6,255.62,67.09
43,P1,C2,G1,M3,A4,60.65,2221.0,5.0,199.6,250.5,66.19
44,P1,C2,G1,M3,A5,85.65,2281.0,5.0,208.1,240.27,64.45
45,P1,C2,G1,M4,A3,42.6,2151.0,5.0,191.6,260.96,146.44
46,P1,C2,G1,M4,A4,62.6,2181.0,5.0,195.6,255.62,144.43
47,P1,C2,G1,M4,A5,87.6,2241.0,5.0,204.1,244.98,140.56
48,P1,C2,G2,M1,A3,41.7,2133.8,2.5,189.88,263.32,49.21
49,P1,C2,G2,M1,A4,61.7,2163.8,2.5,193.88,257.89,48.53
50,P1,C2,G2,M1,A5,86.7,2223.8,2.5,202.38,247.06,47.22
51,P1,C2,G2,M2,A3,41.9,2111.8,2.5,187.68,266.41,49.72
52,P1,C2,G2,M2,A4,61.9,2141.8,2.5,191.68,260.85,49.02
53,P1,C2,G2,M2,A5,86.9,2201.8,2.5,200.18,249.78,47.69
54,P1,C2,G2,M3,A3,42.15,2191.8,2.5,195.68,255.52,67.07
55,P1,C2,G2,M3,A4,62.15,2221.8,2.5,199.68,250.4,66.16
56,P1,C2,G2,M3,A5,87.15,2281.8,2.5,208.18,240.18,64.42
57,P1,C2,G2,M4,A3,44.1,2151.8,2.5,191.68,260.85,146.39
58,P1,C2,G2,M4,A4,64.1,2181.8,2.5,195.68,255.52,144.38
59,P1,C2,G2,M4,A5,89.1,2241.8,2.5,204.18,244.88,140.51
60,P1,C2,G3,M1,A3,49.2,2137.0,0.83,190.2,262.88,49.13
61,P1,C2,G3,M1,A4,69.2,2167.0,0.83,194.2,257.47,48.45
62,P1,C2,G3,M1,A5,94.2,2227.0,0.83,202.7,246.67,47.15
63,P1,C2,G3,M2,A3,49.4,2115.0,0.83,188.0,265.96,49.65
64,P1,C2,G3,M2,A4,69.4,2145.0,0.83,192.0,260.42,48.95
65,P1,C2,G3,M2,A5,94.4,2205.0,0.83,200.5,249.38,47.62
66,P1,C2,G3,M3,A3,49.65,2195.0,0.83,196.0,255.1,66.97
67,P1,C2,G3,M3,A4,69.65,2225.0,0.83,200.0,250.0,66.07
68,P1,C2,G3,M3,A5,94.65,2285.0,0.83,208.5,239.81,64.33
69,P1,C2,G3,M4,A3,51.6,2155.0,0.83,192.0,260.42,146.17
70,P1,C2,G3,M4,A4,71.6,2185.0,0.83,196.0,255.1,144.16
71,P1,C2,G3,M4,A5,96.6,2245.0,0.83,204.5,244.5,140.31
72,P1,C3,G1,M1,A3,44.2,2333.0,5.0,199.8,250.25,45.01
73,P1,C3,G1,M1,A4,64.2,2363.0,5.0,203.8,245.34,44.44
74,P1,C3,G1,M1,A5,89.2,2423.0,5.0,212.3,235.52,43.33
75,P1,C3,G1,M2,A3,44.4,2311.0,5.0,197.6,253.04,45.43
76,P1,C3,G1,M2,A4,64.4,2341.0,5.0,201.6,248.02,44.85
77,P1,C3,G1,M2,A5,89.4,2401.0,5.0,210.1,237.98,43.73
78,P1,C3,G1,M3,A3,44.65,2391.0,5.0,205.6,243.19,61.48
79,P1,C3,G1,M3,A4,64.65,2421.0,5.0,209.6,238.55,60.72
80,P1,C3,G1,M3,A5,89.65,2481.0,5.0,218.1,229.25,59.25
81,P1,C3,G1,M4,A3,46.6,2351.0,5.0,201.6,248.02,133.99
82,P1,C3,G1,M4,A4,66.6,2381.0,5.0,205.6,243.19,132.3
83,P1,C3,G1,M4,A5,91.6,2441.0,5.0,214.1,233.54,129.05
84,P1,C3,G2,M1,A3,45.7,2333.8,2.5,199.88,250.15,44.99
85,P1,C3,G2,M1,A4,65.7,2363.8,2.5,203.88,245.24,44.42
86,P1,C3,G2,M1,A5,90.7,2423.8,2.5,212.38,235.43,43.32
87,P1,C3,G2,M2,A3,45.9,2311.8,2.5,197.68,252.93,45.42
88,P1,C3,G2,M2,A4,65.9,2341.8,2.5,201.68,247.92,44.84
89,P1,C3,G2,M2,A5,90.9,2401.8,2.5,210.18,237.89,43.72
90,P1,C3,G2,M3,A3,46.15,2391.8,2.5,205.68,243.1,61.46
91,P1,C3,G2,M3,A4,66.15,2421.8,2.5,209.68,238.46,60.7
92,P1,C3,G2,M3,A5,91.15,2481.8,2.5,218.18,229.17,59.23
93,P1,C3,G2,M4,A3,48.1,2351.8,2.5,201.68,247.92,133.94
94,P1,C3,G2,M4,A4,68.1,2381.8,2.5,205.68,243.1,132.25
95,P1,C3,G2,M4,A5,93.1,2441.8,2.5,214.18,233.45,129.0
96,P1,C3,G3,M1,A3,53.2,2337.0,0.83,200.2,249.75,44.93
97,P1,C3,G3,M1,A4,73.2,2367.0,0.83,204.2,244.86,44.36
98,P1,C3,G3,M1,A5,98.2,2427.0,0.83,212.7,235.07,43.26
99,P1,C3,G3,M2,A3,53.4,2315.0,0.83,198.0,252.53,45.36
100,P1,C3,G3,M2,A4,73.4,2345.0,0.83,202.0,247.52,44.78
101,P1,C3,G3,M2,A5,98.4,2405.0,0.83,210.5,237.53,43.66
102,P1,C3,G3,M3,A3,53.65,2395.0,0.83,206.0,242.72,61.38
103,P1,C3,G3,M3,A4,73.65,2425.0,0.83,210.0,238.1,60.62
104,P1,C3,G3,M3,A5,98.65,2485.0,0.83,218.5,228.83,59.15
105,P1,C3,G3,M4,A3,55.6,2355.0,0.83,202.0,247.52,133.76
106,P1,C3,G3,M4,A4,75.6,2385.0,0.83,206.0,242.72,132.08
107,P1,C3,G3,M4,A5,100.6,2445.0,0.83,214.5,233.1,128.83
108,P1,C4,G1,M1,A3,52.2,2533.0,5.0,204.8,244.14,41.45
109,P1,C4,G1,M1,A4,72.2,2563.0,5.0,208.8,239.46,40.97
110,P1,C4,G1,M1,A5,97.2,2623.0,5.0,217.3,230.1,40.03
111,P1,C4,G1,M2,A3,52.4,2511.0,5.0,202.6,246.79,41.82
112,P1,C4,G1,M2,A4,72.4,2541.0,5.0,206.6,242.01,41.32
113,P1,C4,G1,M2,A5,97.4,2601.0,5.0,215.1,232.45,40.37
114,P1,C4,G1,M3,A3,52.65,2591.0,5.0,210.6,237.42,56.73
115,P1,C4,G1,M3,A4,72.65,2621.0,5.0,214.6,232.99,56.09
116,P1,C4,G1,M3,A5,97.65,2681.0,5.0,223.1,224.11,54.83
117,P1,C4,G1,M4,A3,54.6,2551.0,5.0,206.6,242.01,123.48
118,P1,C4,G1,M4,A4,74.6,2581.0,5.0,210.6,237.42,122.05
119,P1,C4,G1,M4,A5,99.6,2641.0,5.0,219.1,228.21,119.27
120,P1,C4,G2,M1,A3,53.7,2533.8,2.5,204.88,244.05,41.44
121,P1,C4,G2,M1,A4,73.7,2563.8,2.5,208.88,239.37,40.95
122,P1,C4,G2,M1,A5,98.7,2623.8,2.5,217.38,230.01,40.02
123,P1,C4,G2,M2,A3,53.9,2511.8,2.5,202.68,246.69,41.8
124,P1,C4,G2,M2,A4,73.9,2541.8,2.5,206.68,241.92,41.31
125,P1,C4,G2,M2,A5,98.9,2601.8,2.5,215.18,232.36,40.36
126,P1,C4,G2,M3,A3,54.15,2591.8,2.5,210.68,237.33,56.72
127,P1,C4,G2,M3,A4,74.15,2621.8,2.5,214.68,232.9,56.07
128,P1,C4,G2,M3,A5,99.15,2681.8,2.5,223.18,224.03,54.81
129,P1,C4,G2,M4,A3,56.1,2551.8,2.5,206.68,241.92,123.44
130,P1,C4,G2,M4,A4,76.1,2581.8,2.5,210.68,237.33,122.01
131,P1,C4,G2,M4,A5,101.1,2641.8,2.5,219.18,228.12,119.24
132,P1,C4,G3,M1,A3,61.2,2537.0,0.83,205.2,243.66,41.39
133,P1,C4,G3,M1,A4,81.2,2567.0,0.83,209.2,239.01,40.9
134,P1,C4,G3,M1,A5,106.2,2627.0,0.83,217.7,229.67,39.97
135,P1,C4,G3,M2,A3,61.4,2515.0,0.83,203.0,246.31,41.75
136,P1,C4,G3,M2,A4,81.4,2545.0,0.83,207.0,241.55,41.26
137,P1,C4,G3,M2,A5,106.4,2605.0,0.83,215.5,232.02,40.31
138,P1,C4,G3,M3,A3,61.65,2595.0,0.83,211.0,236.97,56.65
139,P1,C4,G3,M3,A4,81.65,2625.0,0.83,215.0,232.56,56.0
140,P1,C4,G3,M3,A5,106.65,2685.0,0.83,223.5,223.71,54.75
141,P1,C4,G3,M4,A3,63.6,2555.0,0.83,207.0,241.55,123.29
142,P1,C4,G3,M4,A4,83.6,2585.0,0.83,211.0,236.97,121.86
143,P1,C4,G3,M4,A5,108.6,2645.0,0.83,219.5,227.79,119.09
144,P1,C5,G1,M1,A3,54.2,2733.0,5.0,214.8,232.77,38.42
145,P1,C5,G1,M1,A4,74.2,2763.0,5.0,218.8,228.52,38.0
146,P1,C5,G1,M1,A5,99.2,2823.0,5.0,227.3,219.97,37.19
147,P1,C5,G1,M2,A3,54.4,2711.0,5.0,212.6,235.18,38.73
148,P1,C5,G1,M2,A4,74.4,2741.0,5.0,216.6,230.84,38.31
149,P1,C5,G1,M2,A5,99.4,2801.0,5.0,225.1,222.12,37.49
150,P1,C5,G1,M3,A3,54.65,2791.0,5.0,220.6,226.65,52.67
151,P1,C5,G1,M3,A4,74.65,2821.0,5.0,224.6,222.62,52.11
152,P1,C5,G1,M3,A5,99.65,2881.0,5.0,233.1,214.5,51.02
153,P1,C5,G1,M4,A3,56.6,2751.0,5.0,216.6,230.84,114.5
154,P1,C5,G1,M4,A4,76.6,2781.0,5.0,220.6,226.65,113.27
155,P1,C5,G1,M4,A5,101.6,2841.0,5.0,229.1,218.25,110.88
156,P1,C5,G2,M1,A3,55.7,2733.8,2.5,214.88,232.69,38.41
157,P1,C5,G2,M1,A4,75.7,2763.8,2.5,218.88,228.44,37.99
158,P1,C5,G2,M1,A5,100.7,2823.8,2.5,227.38,219.9,37.18
159,P1,C5,G2,M2,A3,55.9,2711.8,2.5,212.68,235.09,38.72
160,P1,C5,G2,M2,A4,75.9,2741.8,2.5,216.68,230.76,38.3
161,P1,C5,G2,M2,A5,100.9,2801.8,2.5,225.18,222.04,37.48
162,P1,C5,G2,M3,A3,56.15,2791.8,2.5,220.68,226.57,52.65
163,P1,C5,G2,M3,A4,76.15,2821.8,2.5,224.68,222.54,52.09
164,P1,C5,G2,M3,A5,101.15,2881.8,2.5,233.18,214.43,51.01
165,P1,C5,G2,M4,A3,58.1,2751.8,2.5,216.68,230.76,114.47
166,P1,C5,G2,M4,A4,78.1,2781.8,2.5,220.68,226.57,113.24
167,P1,C5,G2,M4,A5,103.1,2841.8,2.5,229.18,218.17,110.85
168,P1,C5,G3,M1,A3,63.2,2737.0,0.83,215.2,232.34,38.36
169,P1,C5,G3,M1,A4,83.2,2767.0,0.83,219.2,228.1,37.95
170,P1,C5,G3,M1,A5,108.2,2827.0,0.83,227.7,219.59,37.14
171,P1,C5,G3,M2,A3,63.4,2715.0,0.83,213.0,234.74,38.67
172,P1,C5,G3,M2,A4,83.4,2745.0,0.83,217.0,230.41,38.25
173,P1,C5,G3,M2,A5,108.4,2805.0,0.83,225.5,221.73,37.43
174,P1,C5,G3,M3,A3,63.65,2795.0,0.83,221.0,226.24,52.59
175,P1,C5,G3,M3,A4,83.65,2825.0,0.83,225.0,222.22,52.04
176,P1,C5,G3,M3,A5,108.65,2885.0,0.83,233.5,214.13,50.95
177,P1,C5,G3,M4,A3,65.6,2755.0,0.83,217.0,230.41,114.34
178,P1,C5,G3,M4,A4,85.6,2785.0,0.83,221.0,226.24,113.11
179,P1,C5,G3,M4,A5,110.6,2845.0,0.83,229.5,217.86,110.72
180,P1,C6,G1,M1,A3,56.2,3033.0,5.0,219.8,227.48,34.62
181,P1,C6,G1,M1,A4,76.2,3063.0,5.0,223.8,223.41,34.28
182,P1,C6,G1,M1,A5,101.2,3123.0,5.0,232.3,215.24,33.62
183,P1,C6,G1,M2,A3,56.4,3011.0,5.0,217.6,229.78,34.87
184,P1,C6,G1,M2,A4,76.4,3041.0,5.0,221.6,225.63,34.53
185,P1,C6,G1,M2,A5,101.4,3101.0,5.0,230.1,217.3,33.86
186,P1,C6,G1,M3,A3,56.65,3091.0,5.0,225.6,221.63,47.56
187,P1,C6,G1,M3,A4,76.65,3121.0,5.0,229.6,217.77,47.1
188,P1,C6,G1,M3,A5,101.65,3181.0,5.0,238.1,210.0,46.21
189,P1,C6,G1,M4,A3,58.6,3051.0,5.0,221.6,225.63,103.24
190,P1,C6,G1,M4,A4,78.6,3081.0,5.0,225.6,221.63,102.24
191,P1,C6,G1,M4,A5,103.6,3141.0,5.0,234.1,213.58,100.29
192,P1,C6,G2,M1,A3,57.7,3033.8,2.5,219.88,227.4,34.61
193,P1,C6,G2,M1,A4,77.7,3063.8,2.5,223.88,223.33,34.27
194,P1,C6,G2,M1,A5,102.7,3123.8,2.5,232.38,215.16,33.61
195,P1,C6,G2,M2,A3,57.9,3011.8,2.5,217.68,229.69,34.86
196,P1,C6,G2,M2,A4,77.9,3041.8,2.5,221.68,225.55,34.52
197,P1,C6,G2,M2,A5,102.9,3101.8,2.5,230.18,217.22,33.85
198,P1,C6,G2,M3,A3,58.15,3091.8,2.5,225.68,221.55,47.55
199,P1,C6,G2,M3,A4,78.15,3121.8,2.5,229.68,217.69,47.09
200,P1,C6,G2,M3,A5,103.15,3181.8,2.5,238.18,209.93,46.2
201,P1,C6,G2,M4,A3,60.1,3051.8,2.5,221.68,225.55,103.22
202,P1,C6,G2,M4,A4,80.1,3081.8,2.5,225.68,221.55,102.21
203,P1,C6,G2,M4,A5,105.1,3141.8,2.5,234.18,213.51,100.26
204,P1,C6,G3,M1,A3,65.2,3037.0,0.83,220.2,227.07,34.57
205,P1,C6,G3,M1,A4,85.2,3067.0,0.83,224.2,223.02,34.24
206,P1,C6,G3,M1,A5,110.2,3127.0,0.83,232.7,214.87,33.58
207,P1,C6,G3,M2,A3,65.4,3015.0,0.83,218.0,229.36,34.83
208,P1,C6,G3,M2,A4,85.4,3045.0,0.83,222.0,225.23,34.48
209,P1,C6,G3,M2,A5,110.4,3105.0,0.83,230.5,216.92,33.82
210,P1,C6,G3,M3,A3,65.65,3095.0,0.83,226.0,221.24,47.5
211,P1,C6,G3,M3,A4,85.65,3125.0,0.83,230.0,217.39,47.04
212,P1,C6,G3,M3,A5,110.65,3185.0,0.83,238.5,209.64,46.15
213,P1,C6,G3,M4,A3,67.6,3055.0,0.83,222.0,225.23,103.11
214,P1,C6,G3,M4,A4,87.6,3085.0,0.83,226.0,221.24,102.11
215,P1,C6,G3,M4,A5,112.6,3145.0,0.83,234.5,213.22,100.16
216,P1,C7,G1,M1,A3,61.2,4533.0,5.0,234.8,212.95,23.16
217,P1,C7,G1,M1,A4,81.2,4563.0,5.0,238.8,209.38,23.01
218,P1,C7,G1,M1,A5,106.2,4623.0,5.0,247.3,202.18,22.71
219,P1,C7,G1,M2,A3,61.4,4511.0,5.0,232.6,214.96,23.28
220,P1,C7,G1,M2,A4,81.4,4541.0,5.0,236.6,211.33,23.12
221,P1,C7,G1,M2,A5,106.4,4601.0,5.0,245.1,204.0,22.82
222,P1,C7,G1,M3,A3,61.65,4591.0,5.0,240.6,207.81,32.02
223,P1,C7,G1,M3,A4,81.65,4621.0,5.0,244.6,204.42,31.81
224,P1,C7,G1,M3,A5,106.65,4681.0,5.0,253.1,197.55,31.4
225,P1,C7,G1,M4,A3,63.6,4551.0,5.0,236.6,211.33,69.22
226,P1,C7,G1,M4,A4,83.6,4581.0,5.0,240.6,207.81,68.76
227,P1,C7,G1,M4,A5,108.6,4641.0,5.0,249.1,200.72,67.87
228,P1,C7,G2,M1,A3,62.7,4533.8,2.5,234.88,212.87,23.16
229,P1,C7,G2,M1,A4,82.7,4563.8,2.5,238.88,209.31,23.01
230,P1,C7,G2,M1,A5,107.7,4623.8,2.5,247.38,202.12,22.71
231,P1,C7,G2,M2,A3,62.9,4511.8,2.5,232.68,214.89,23.27
232,P1,C7,G2,M2,A4,82.9,4541.8,2.5,236.68,211.26,23.12
233,P1,C7,G2,M2,A5,107.9,4601.8,2.5,245.18,203.93,22.82
234,P1,C7,G2,M3,A3,63.15,4591.8,2.5,240.68,207.74,32.01
235,P1,C7,G2,M3,A4,83.15,4621.8,2.5,244.68,204.35,31.81
236,P1,C7,G2,M3,A5,108.15,4681.8,2.5,253.18,197.49,31.4
237,P1,C7,G2,M4,A3,65.1,4551.8,2.5,236.68,211.26,69.2
238,P1,C7,G2,M4,A4,85.1,4581.8,2.5,240.68,207.74,68.75
239,P1,C7,G2,M4,A5,110.1,4641.8,2.5,249.18,200.66,67.86
240,P1,C7,G3,M1,A3,70.2,4537.0,0.83,235.2,212.59,23.14
241,P1,C7,G3,M1,A4,90.2,4567.0,0.83,239.2,209.03,22.99
242,P1,C7,G3,M1,A5,115.2,4627.0,0.83,247.7,201.86,22.69
243,P1,C7,G3,M2,A3,70.4,4515.0,0.83,233.0,214.59,23.26
244,P1,C7,G3,M2,A4,90.4,4545.0,0.83,237.0,210.97,23.1
245,P1,C7,G3,M2,A5,115.4,4605.0,0.83,245.5,203.67,22.8
246,P1,C7,G3,M3,A3,70.65,4595.0,0.83,241.0,207.47,31.99
247,P1,C7,G3,M3,A4,90.65,4625.0,0.83,245.0,204.08,31.78
248,P1,C7,G3,M3,A5,115.65,4685.0,0.83,253.5,197.24,31.38
249,P1,C7,G3,M4,A3,72.6,4555.0,0.83,237.0,210.97,69.15
250,P1,C7,G3,M4,A4,92.6,4585.0,0.83,241.0,207.47,68.7
251,P1,C7,G3,M4,A5,117.6,4645.0,0.83,249.5,200.4,67.81
252,P1,C8,G1,M1,A3,70.2,7533.0,5.0,264.8,188.82,13.94
253,P1,C8,G1,M1,A4,90.2,7563.0,5.0,268.8,186.01,13.88
254,P1,C8,G1,M1,A5,115.2,7623.0,5.0,277.3,180.31,13.77
255,P1,C8,G1,M2,A3,70.4,7511.0,5.0,262.6,190.4,13.98
256,P1,C8,G1,M2,A4,90.4,7541.0,5.0,266.6,187.55,13.92
257,P1,C8,G1,M2,A5,115.4,7601.0,5.0,275.1,181.75,13.81
258,P1,C8,G1,M3,A3,70.65,7591.0,5.0,270.6,184.77,19.37
259,P1,C8,G1,M3,A4,90.65,7621.0,5.0,274.6,182.08,19.29
260,P1,C8,G1,M3,A5,115.65,7681.0,5.0,283.1,176.62,19.14
261,P1,C8,G1,M4,A3,72.6,7551.0,5.0,266.6,187.55,41.72
262,P1,C8,G1,M4,A4,92.6,7581.0,5.0,270.6,184.77,41.55
263,P1,C8,G1,M4,A5,117.6,7641.0,5.0,279.1,179.15,41.22
264,P1,C8,G2,M1,A3,71.7,7533.8,2.5,264.88,188.76,13.94
265,P1,C8,G2,M1,A4,91.7,7563.8,2.5,268.88,185.96,13.88
266,P1,C8,G2,M1,A5,116.7,7623.8,2.5,277.38,180.26,13.77
267,P1,C8,G2,M2,A3,71.9,7511.8,2.5,262.68,190.35,13.98
268,P1,C8,G2,M2,A4,91.9,7541.8,2.5,266.68,187.49,13.92
269,P1,C8,G2,M2,A5,116.9,7601.8,2.5,275.18,181.7,13.81
270,P1,C8,G2,M3,A3,72.15,7591.8,2.5,270.68,184.72,19.36
271,P1,C8,G2,M3,A4,92.15,7621.8,2.5,274.68,182.03,19.29
272,P1,C8,G2,M3,A5,117.15,7681.8,2.5,283.18,176.57,19.14
273,P1,C8,G2,M4,A3,74.1,7551.8,2.5,266.68,187.49,41.71
274,P1,C8,G2,M4,A4,94.1,7581.8,2.5,270.68,184.72,41.55
275,P1,C8,G2,M4,A5,119.1,7641.8,2.5,279.18,179.1,41.22
276,P1,C8,G3,M1,A3,79.2,7537.0,0.83,265.2,188.54,13.93
277,P1,C8,G3,M1,A4,99.2,7567.0,0.83,269.2,185.74,13.88
278,P1,C8,G3,M1,A5,124.2,7627.0,0.83,277.7,180.05,13.77
279,P1,C8,G3,M2,A3,79.4,7515.0,0.83,263.0,190.11,13.97
280,P1,C8,G3,M2,A4,99.4,7545.0,0.83,267.0,187.27,13.92
281,P1,C8,G3,M2,A5,124.4,7605.0,0.83,275.5,181.49,13.81
282,P1,C8,G3,M3,A3,79.65,7595.0,0.83,271.0,184.5,19.35
283,P1,C8,G3,M3,A4,99.65,7625.0,0.83,275.0,181.82,19.28
284,P1,C8,G3,M3,A5,124.65,7685.0,0.83,283.5,176.37,19.13
285,P1,C8,G3,M4,A3,81.6,7555.0,0.83,267.0,187.27,41.69
286,P1,C8,G3,M4,A4,101.6,7585.0,0.83,271.0,184.5,41.53
287,P1,C8,G3,M4,A5,126.6,7645.0,0.83,279.5,178.89,41.2
288,P2,C3,G1,M1,A3,45.2,2663.0,10.0,232.8,429.55,39.43
289,P2,C3,G1,M1,A4,65.2,2693.0,10.0,236.8,422.3,38.99
290,P2,C3,G1,M1,A5,90.2,2753.0,10.0,245.3,407.66,38.14
291,P2,C3,G1,M2,A3,45.4,2641.0,10.0,230.6,433.65,39.76
292,P2,C3,G1,M2,A4,65.4,2671.0,10.0,234.6,426.26,39.31
293,P2,C3,G1,M2,A5,90.4,2731.0,10.0,243.1,411.35,38.45
294,P2,C3,G1,M3,A3,45.65,2721.0,10.0,238.6,419.11,54.02
295,P2,C3,G1,M3,A4,65.65,2751.0,10.0,242.6,412.2,53.44
296,P2,C3,G1,M3,A5,90.65,2811.0,10.0,251.1,398.25,52.29
297,P2,C3,G1,M4,A3,47.6,2681.0,10.0,234.6,426.26,117.49
298,P2,C3,G1,M4,A4,67.6,2711.0,10.0,238.6,419.11,116.19
299,P2,C3,G1,M4,A5,92.6,2771.0,10.0,247.1,404.69,113.68
300,P2,C3,G2,M1,A3,46.7,2663.8,5.0,232.88,429.41,39.42
301,P2,C3,G2,M1,A4,66.7,2693.8,5.0,236.88,422.15,38.98
302,P2,C3,G2,M1,A5,91.7,2753.8,5.0,245.38,407.53,38.13
303,P2,C3,G2,M2,A3,46.9,2641.8,5.0,230.68,433.5,39.75
304,P2,C3,G2,M2,A4,66.9,2671.8,5.0,234.68,426.11,39.3
305,P2,C3,G2,M2,A5,91.9,2731.8,5.0,243.18,411.22,38.44
306,P2,C3,G2,M3,A3,47.15,2721.8,5.0,238.68,418.97,54.01
307,P2,C3,G2,M3,A4,67.15,2751.8,5.0,242.68,412.07,53.42
308,P2,C3,G2,M3,A5,92.15,2811.8,5.0,251.18,398.12,52.28
309,P2,C3,G2,M4,A3,49.1,2681.8,5.0,234.68,426.11,117.46
310,P2,C3,G2,M4,A4,69.1,2711.8,5.0,238.68,418.97,116.16
311,P2,C3,G2,M4,A5,94.1,2771.8,5.0,247.18,404.56,113.64
312,P2,C3,G3,M1,A3,54.2,2667.0,1.67,233.2,428.82,39.37
313,P2,C3,G3,M1,A4,74.2,2697.0,1.67,237.2,421.59,38.93
314,P2,C3,G3,M1,A5,99.2,2757.0,1.67,245.7,407.0,38.08
315,P2,C3,G3,M2,A3,54.4,2645.0,1.67,231.0,432.9,39.7
316,P2,C3,G3,M2,A4,74.4,2675.0,1.67,235.0,425.53,39.25
317,P2,C3,G3,M2,A5,99.4,2735.0,1.67,243.5,410.68,38.39
318,P2,C3,G3,M3,A3,54.65,2725.0,1.67,239.0,418.41,53.94
319,P2,C3,G3,M3,A4,74.65,2755.0,1.67,243.0,411.52,53.36
320,P2,C3,G3,M3,A5,99.65,2815.0,1.67,251.5,397.61,52.22
321,P2,C3,G3,M4,A3,56.6,2685.0,1.67,235.0,425.53,117.32
322,P2,C3,G3,M4,A4,76.6,2715.0,1.67,239.0,418.41,116.02
323,P2,C3,G3,M4,A5,101.6,2775.0,1.67,247.5,404.04,113.51
324,P2,C4,G1,M1,A3,53.2,2863.0,10.0,237.8,420.52,36.67
325,P2,C4,G1,M1,A4,73.2,2893.0,10.0,241.8,413.56,36.29
326,P2,C4,G1,M1,A5,98.2,2953.0,10.0,250.3,399.52,35.56
327,P2,C4,G1,M2,A3,53.4,2841.0,10.0,235.6,424.45,36.96
328,P2,C4,G1,M2,A4,73.4,2871.0,10.0,239.6,417.36,36.57
329,P2,C4,G1,M2,A5,98.4,2931.0,10.0,248.1,403.06,35.82
330,P2,C4,G1,M3,A3,53.65,2921.0,10.0,243.6,410.51,50.33
331,P2,C4,G1,M3,A4,73.65,2951.0,10.0,247.6,403.88,49.81
332,P2,C4,G1,M3,A5,98.65,3011.0,10.0,256.1,390.47,48.82
333,P2,C4,G1,M4,A3,55.6,2881.0,10.0,239.6,417.36,109.34
334,P2,C4,G1,M4,A4,75.6,2911.0,10.0,243.6,410.51,108.21
335,P2,C4,G1,M4,A5,100.6,2971.0,10.0,252.1,396.67,106.02
336,P2,C4,G2,M1,A3,54.7,2863.8,5.0,237.88,420.38,36.66
337,P2,C4,G2,M1,A4,74.7,2893.8,5.0,241.88,413.43,36.28
338,P2,C4,G2,M1,A5,99.7,2953.8,5.0,250.38,399.39,35.55
339,P2,C4,G2,M2,A3,54.9,2841.8,5.0,235.68,424.3,36.95
340,P2,C4,G2,M2,A4,74.9,2871.8,5.0,239.68,417.22,36.56
341,P2,C4,G2,M2,A5,99.9,2931.8,5.0,248.18,402.93,35.81
342,P2,C4,G2,M3,A3,55.15,2921.8,5.0,243.68,410.37,50.31
343,P2,C4,G2,M3,A4,75.15,2951.8,5.0,247.68,403.75,49.8
344,P2,C4,G2,M3,A5,100.15,3011.8,5.0,256.18,390.35,48.81
345,P2,C4,G2,M4,A3,57.1,2881.8,5.0,239.68,417.22,109.31
346,P2,C4,G2,M4,A4,77.1,2911.8,5.0,243.68,410.37,108.18
347,P2,C4,G2,M4,A5,102.1,2971.8,5.0,252.18,396.54,106.0
348,P2,C4,G3,M1,A3,62.2,2867.0,1.67,238.2,419.82,36.62
349,P2,C4,G3,M1,A4,82.2,2897.0,1.67,242.2,412.88,36.24
350,P2,C4,G3,M1,A5,107.2,2957.0,1.67,250.7,398.88,35.51
351,P2,C4,G3,M2,A3,62.4,2845.0,1.67,236.0,423.73,36.91
352,P2,C4,G3,M2,A4,82.4,2875.0,1.67,240.0,416.67,36.52
353,P2,C4,G3,M2,A5,107.4,2935.0,1.67,248.5,402.41,35.78
354,P2,C4,G3,M3,A3,62.65,2925.0,1.67,244.0,409.84,50.26
355,P2,C4,G3,M3,A4,82.65,2955.0,1.67,248.0,403.23,49.75
356,P2,C4,G3,M3,A5,107.65,3015.0,1.67,256.5,389.86,48.76
357,P2,C4,G3,M4,A3,64.6,2885.0,1.67,240.0,416.67,109.19
358,P2,C4,G3,M4,A4,84.6,2915.0,1.67,244.0,409.84,108.06
359,P2,C4,G3,M4,A5,109.6,2975.0,1.67,252.5,396.04,105.88
360,P2,C5,G1,M1,A3,55.2,3063.0,10.0,247.8,403.55,34.28
361,P2,C5,G1,M1,A4,75.2,3093.0,10.0,251.8,397.14,33.95
362,P2,C5,G1,M1,A5,100.2,3153.0,10.0,260.3,384.17,33.3
363,P2,C5,G1,M2,A3,55.4,3041.0,10.0,245.6,407.17,34.53
364,P2,C5,G1,M2,A4,75.4,3071.0,10.0,249.6,400.64,34.19
365,P2,C5,G1,M2,A5,100.4,3131.0,10.0,258.1,387.45,33.54
366,P2,C5,G1,M3,A3,55.65,3121.0,10.0,253.6,394.32,47.1
367,P2,C5,G1,M3,A4,75.65,3151.0,10.0,257.6,388.2,46.65
368,P2,C5,G1,M3,A5,100.65,3211.0,10.0,266.1,375.8,45.78
369,P2,C5,G1,M4,A3,57.6,3081.0,10.0,249.6,400.64,102.24
370,P2,C5,G1,M4,A4,77.6,3111.0,10.0,253.6,394.32,101.25
371,P2,C5,G1,M4,A5,102.6,3171.0,10.0,262.1,381.53,99.34
372,P2,C5,G2,M1,A3,56.7,3063.8,5.0,247.88,403.42,34.27
373,P2,C5,G2,M1,A4,76.7,3093.8,5.0,251.88,397.01,33.94
374,P2,C5,G2,M1,A5,101.7,3153.8,5.0,260.38,384.05,33.29
375,P2,C5,G2,M2,A3,56.9,3041.8,5.0,245.68,407.03,34.52
376,P2,C5,G2,M2,A4,76.9,3071.8,5.0,249.68,400.51,34.18
377,P2,C5,G2,M2,A5,101.9,3131.8,5.0,258.18,387.33,33.53
378,P2,C5,G2,M3,A3,57.15,3121.8,5.0,253.68,394.2,47.09
379,P2,C5,G2,M3,A4,77.15,3151.8,5.0,257.68,388.08,46.64
380,P2,C5,G2,M3,A5,102.15,3211.8,5.0,266.18,375.69,45.77
381,P2,C5,G2,M4,A3,59.1,3081.8,5.0,249.68,400.51,102.21
382,P2,C5,G2,M4,A4,79.1,3111.8,5.0,253.68,394.2,101.23
383,P2,C5,G2,M4,A5,104.1,3171.8,5.0,262.18,381.42,99.31
384,P2,C5,G3,M1,A3,64.2,3067.0,1.67,248.2,402.9,34.24
385,P2,C5,G3,M1,A4,84.2,3097.0,1.67,252.2,396.51,33.9
386,P2,C5,G3,M1,A5,109.2,3157.0,1.67,260.7,383.58,33.26
387,P2,C5,G3,M2,A3,64.4,3045.0,1.67,246.0,406.5,34.48
388,P2,C5,G3,M2,A4,84.4,3075.0,1.67,250.0,400.0,34.15
389,P2,C5,G3,M2,A5,109.4,3135.0,1.67,258.5,386.85,33.49
390,P2,C5,G3,M3,A3,64.65,3125.0,1.67,254.0,393.7,47.04
391,P2,C5,G3,M3,A4,84.65,3155.0,1.67,258.0,387.6,46.59
392,P2,C5,G3,M3,A5,109.65,3215.0,1.67,266.5,375.23,45.72
393,P2,C5,G3,M4,A3,66.6,3085.0,1.67,250.0,400.0,102.11
394,P2,C5,G3,M4,A4,86.6,3115.0,1.67,254.0,393.7,101.12
395,P2,C5,G3,M4,A5,111.6,3175.0,1.67,262.5,380.95,99.21
396,P2,C6,G1,M1,A3,57.2,3363.0,10.0,252.8,395.57,31.22
397,P2,C6,G1,M1,A4,77.2,3393.0,10.0,256.8,389.41,30.95
398,P2,C6,G1,M1,A5,102.2,3453.0,10.0,265.3,376.93,30.41
399,P2,C6,G1,M2,A3,57.4,3341.0,10.0,250.6,399.04,31.43
400,P2,C6,G1,M2,A4,77.4,3371.0,10.0,254.6,392.77,31.15
401,P2,C6,G1,M2,A5,102.4,3431.0,10.0,263.1,380.08,30.6
402,P2,C6,G1,M3,A3,57.65,3421.0,10.0,258.6,386.7,42.97
403,P2,C6,G1,M3,A4,77.65,3451.0,10.0,262.6,380.81,42.6
404,P2,C6,G1,M3,A5,102.65,3511.0,10.0,271.1,368.87,41.87
405,P2,C6,G1,M4,A3,59.6,3381.0,10.0,254.6,392.77,93.17
406,P2,C6,G1,M4,A4,79.6,3411.0,10.0,258.6,386.7,92.35
407,P2,C6,G1,M4,A5,104.6,3471.0,10.0,267.1,374.39,90.75
408,P2,C6,G2,M1,A3,58.7,3363.8,5.0,252.88,395.44,31.21
409,P2,C6,G2,M1,A4,78.7,3393.8,5.0,256.88,389.29,30.94
410,P2,C6,G2,M1,A5,103.7,3453.8,5.0,265.38,376.82,30.4
411,P2,C6,G2,M2,A3,58.9,3341.8,5.0,250.68,398.91,31.42
412,P2,C6,G2,M2,A4,78.9,3371.8,5.0,254.68,392.65,31.14
413,P2,C6,G2,M2,A5,103.9,3431.8,5.0,263.18,379.97,30.6
414,P2,C6,G2,M3,A3,59.15,3421.8,5.0,258.68,386.58,42.96
415,P2,C6,G2,M3,A4,79.15,3451.8,5.0,262.68,380.69,42.59
416,P2,C6,G2,M3,A5,104.15,3511.8,5.0,271.18,368.76,41.86
417,P2,C6,G2,M4,A3,61.1,3381.8,5.0,254.68,392.65,93.15
418,P2,C6,G2,M4,A4,81.1,3411.8,5.0,258.68,386.58,92.33
419,P2,C6,G2,M4,A5,106.1,3471.8,5.0,267.18,374.28,90.73
420,P2,C6,G3,M1,A3,66.2,3367.0,1.67,253.2,394.94,31.19
421,P2,C6,G3,M1,A4,86.2,3397.0,1.67,257.2,388.8,30.91
422,P2,C6,G3,M1,A5,111.2,3457.0,1.67,265.7,376.36,30.37
423,P2,C6,G3,M2,A3,66.4,3345.0,1.67,251.0,398.41,31.39
424,P2,C6,G3,M2,A4,86.4,3375.0,1.67,255.0,392.16,31.11
425,P2,C6,G3,M2,A5,111.4,3435.0,1.67,263.5,379.51,30.57
426,P2,C6,G3,M3,A3,66.65,3425.0,1.67,259.0,386.1,42.92
427,P2,C6,G3,M3,A4,86.65,3455.0,1.67,263.0,380.23,42.55
428,P2,C6,G3,M3,A5,111.65,3515.0,1.67,271.5,368.32,41.82
429,P2,C6,G3,M4,A3,68.6,3385.0,1.67,255.0,392.16,93.06
430,P2,C6,G3,M4,A4,88.6,3415.0,1.67,259.0,386.1,92.24
431,P2,C6,G3,M4,A5,113.6,3475.0,1.67,267.5,373.83,90.65
432,P2,C7,G1,M1,A3,62.2,4863.0,10.0,267.8,373.41,21.59
433,P2,C7,G1,M1,A4,82.2,4893.0,10.0,271.8,367.92,21.46
434,P2,C7,G1,M1,A5,107.2,4953.0,10.0,280.3,356.76,21.2
435,P2,C7,G1,M2,A3,62.4,4841.0,10.0,265.6,376.51,21.69
436,P2,C7,G1,M2,A4,82.4,4871.0,10.0,269.6,370.92,21.56
437,P2,C7,G1,M2,A5,107.4,4931.0,10.0,278.1,359.58,21.29
438,P2,C7,G1,M3,A3,62.65,4921.0,10.0,273.6,365.5,29.87
439,P2,C7,G1,M3,A4,82.65,4951.0,10.0,277.6,360.23,29.69
440,P2,C7,G1,M3,A5,107.65,5011.0,10.0,286.1,349.53,29.34
441,P2,C7,G1,M4,A3,64.6,4881.0,10.0,269.6,370.92,64.54
442,P2,C7,G1,M4,A4,84.6,4911.0,10.0,273.6,365.5,64.14
443,P2,C7,G1,M4,A5,109.6,4971.0,10.0,282.1,354.48,63.37
444,P2,C7,G2,M1,A3,63.7,4863.8,5.0,267.88,373.3,21.59
445,P2,C7,G2,M1,A4,83.7,4893.8,5.0,271.88,367.81,21.46
446,P2,C7,G2,M1,A5,108.7,4953.8,5.0,280.38,356.66,21.2
447,P2,C7,G2,M2,A3,63.9,4841.8,5.0,265.68,376.39,21.69
448,P2,C7,G2,M2,A4,83.9,4871.8,5.0,269.68,370.81,21.55
449,P2,C7,G2,M2,A5,108.9,4931.8,5.0,278.18,359.48,21.29
450,P2,C7,G2,M3,A3,64.15,4921.8,5.0,273.68,365.39,29.87
451,P2,C7,G2,M3,A4,84.15,4951.8,5.0,277.68,360.13,29.69
452,P2,C7,G2,M3,A5,109.15,5011.8,5.0,286.18,349.43,29.33
453,P2,C7,G2,M4,A3,66.1,4881.8,5.0,269.68,370.81,64.53
454,P2,C7,G2,M4,A4,86.1,4911.8,5.0,273.68,365.39,64.13
455,P2,C7,G2,M4,A5,111.1,4971.8,5.0,282.18,354.38,63.36
456,P2,C7,G3,M1,A3,71.2,4867.0,1.67,268.2,372.86,21.57
457,P2,C7,G3,M1,A4,91.2,4897.0,1.67,272.2,367.38,21.44
458,P2,C7,G3,M1,A5,116.2,4957.0,1.67,280.7,356.25,21.18
459,P2,C7,G3,M2,A3,71.4,4845.0,1.67,266.0,375.94,21.67
460,P2,C7,G3,M2,A4,91.4,4875.0,1.67,270.0,370.37,21.54
461,P2,C7,G3,M2,A5,116.4,4935.0,1.67,278.5,359.07,21.28
462,P2,C7,G3,M3,A3,71.65,4925.0,1.67,274.0,364.96,29.85
463,P2,C7,G3,M3,A4,91.65,4955.0,1.67,278.0,359.71,29.67
464,P2,C7,G3,M3,A5,116.65,5015.0,1.67,286.5,349.04,29.31
465,P2,C7,G3,M4,A3,73.6,4885.0,1.67,270.0,370.37,64.48
466,P2,C7,G3,M4,A4,93.6,4915.0,1.67,274.0,364.96,64.09
467,P2,C7,G3,M4,A5,118.6,4975.0,1.67,282.5,353.98,63.32
468,P2,C8,G1,M1,A3,71.2,7863.0,10.0,297.8,335.8,13.35
469,P2,C8,G1,M1,A4,91.2,7893.0,10.0,301.8,331.35,13.3
470,P2,C8,G1,M1,A5,116.2,7953.0,10.0,310.3,322.27,13.2
471,P2,C8,G1,M2,A3,71.4,7841.0,10.0,295.6,338.29,13.39
472,P2,C8,G1,M2,A4,91.4,7871.0,10.0,299.6,333.78,13.34
473,P2,C8,G1,M2,A5,116.4,7931.0,10.0,308.1,324.57,13.24
474,P2,C8,G1,M3,A3,71.65,7921.0,10.0,303.6,329.38,18.56
475,P2,C8,G1,M3,A4,91.65,7951.0,10.0,307.6,325.1,18.49
476,P2,C8,G1,M3,A5,116.65,8011.0,10.0,316.1,316.36,18.35
477,P2,C8,G1,M4,A3,73.6,7881.0,10.0,299.6,333.78,39.97
478,P2,C8,G1,M4,A4,93.6,7911.0,10.0,303.6,329.38,39.82
479,P2,C8,G1,M4,A5,118.6,7971.0,10.0,312.1,320.41,39.52
480,P2,C8,G2,M1,A3,72.7,7863.8,5.0,297.88,335.71,13.35
481,P2,C8,G2,M1,A4,92.7,7893.8,5.0,301.88,331.26,13.3
482,P2,C8,G2,M1,A5,117.7,7953.8,5.0,310.38,322.19,13.2
483,P2,C8,G2,M2,A3,72.9,7841.8,5.0,295.68,338.2,13.39
484,P2,C8,G2,M2,A4,92.9,7871.8,5.0,299.68,333.69,13.34
485,P2,C8,G2,M2,A5,117.9,7931.8,5.0,308.18,324.49,13.24
486,P2,C8,G2,M3,A3,73.15,7921.8,5.0,303.68,329.29,18.56
487,P2,C8,G2,M3,A4,93.15,7951.8,5.0,307.68,325.01,18.49
488,P2,C8,G2,M3,A5,118.15,8011.8,5.0,316.18,316.28,18.35
489,P2,C8,G2,M4,A3,75.1,7881.8,5.0,299.68,333.69,39.97
490,P2,C8,G2,M4,A4,95.1,7911.8,5.0,303.68,329.29,39.81
491,P2,C8,G2,M4,A5,120.1,7971.8,5.0,312.18,320.33,39.51
492,P2,C8,G3,M1,A3,80.2,7867.0,1.67,298.2,335.35,13.35
493,P2,C8,G3,M1,A4,100.2,7897.0,1.67,302.2,330.91,13.3
494,P2,C8,G3,M1,A5,125.2,7957.0,1.67,310.7,321.85,13.2
495,P2,C8,G3,M2,A3,80.4,7845.0,1.67,296.0,337.84,13.38
496,P2,C8,G3,M2,A4,100.4,7875.0,1.67,300.0,333.33,13.33
497,P2,C8,G3,M2,A5,125.4,7935.0,1.67,308.5,324.15,13.23
498,P2,C8,G3,M3,A3,80.65,7925.0,1.67,304.0,328.95,18.55
499,P2,C8,G3,M3,A4,100.65,7955.0,1.67,308.0,324.68,18.48
500,P2,C8,G3,M3,A5,125.65,8015.0,1.67,316.5,315.96,18.34
501,P2,C8,G3,M4,A3,82.6,7885.0,1.67,300.0,333.33,39.95
502,P2,C8,G3,M4,A4,102.6,7915.0,1.67,304.0,328.95,39.8
503,P2,C8,G3,M4,A5,127.6,7975.0,1.67,312.5,320.0,39.5
504,P3,C5,G1,M1,A3,64.2,3238.0,15.0,265.3,565.4,32.43
505,P3,C5,G1,M1,A4,84.2,3268.0,15.0,269.3,557.0,32.13
506,P3,C5,G1,M1,A5,109.2,3328.0,15.0,277.8,539.96,31.55
507,P3,C5,G1,M2,A3,64.4,3216.0,15.0,263.1,570.13,32.65
508,P3,C5,G1,M2,A4,84.4,3246.0,15.0,267.1,561.59,32.35
509,P3,C5,G1,M2,A5,109.4,3306.0,15.0,275.6,544.27,31.76
510,P3,C5,G1,M3,A3,64.65,3296.0,15.0,271.1,553.3,44.6
511,P3,C5,G1,M3,A4,84.65,3326.0,15.0,275.1,545.26,44.2
512,P3,C5,G1,M3,A5,109.65,3386.0,15.0,283.6,528.91,43.41
513,P3,C5,G1,M4,A3,66.6,3256.0,15.0,267.1,561.59,96.74
514,P3,C5,G1,M4,A4,86.6,3286.0,15.0,271.1,553.3,95.86
515,P3,C5,G1,M4,A5,111.6,3346.0,15.0,279.6,536.48,94.14
516,P3,C5,G2,M1,A3,65.7,3238.8,7.5,265.38,565.23,32.42
517,P3,C5,G2,M1,A4,85.7,3268.8,7.5,269.38,556.83,32.12
518,P3,C5,G2,M1,A5,110.7,3328.8,7.5,277.88,539.8,31.54
519,P3,C5,G2,M2,A3,65.9,3216.8,7.5,263.18,569.95,32.64
520,P3,C5,G2,M2,A4,85.9,3246.8,7.5,267.18,561.42,32.34
521,P3,C5,G2,M2,A5,110.9,3306.8,7.5,275.68,544.11,31.75
522,P3,C5,G2,M3,A3,66.15,3296.8,7.5,271.18,553.14,44.59
523,P3,C5,G2,M3,A4,86.15,3326.8,7.5,275.18,545.1,44.19
524,P3,C5,G2,M3,A5,111.15,3386.8,7.5,283.68,528.76,43.4
525,P3,C5,G2,M4,A3,68.1,3256.8,7.5,267.18,561.42,96.72
526,P3,C5,G2,M4,A4,88.1,3286.8,7.5,271.18,553.14,95.84
527,P3,C5,G2,M4,A5,113.1,3346.8,7.5,279.68,536.33,94.12
528,P3,C5,G3,M1,A3,73.2,3242.0,2.5,265.7,564.55,32.39
529,P3,C5,G3,M1,A4,93.2,3272.0,2.5,269.7,556.17,32.09
530,P3,C5,G3,M1,A5,118.2,3332.0,2.5,278.2,539.18,31.51
531,P3,C5,G3,M2,A3,73.4,3220.0,2.5,263.5,569.26,32.61
532,P3,C5,G3,M2,A4,93.4,3250.0,2.5,267.5,560.75,32.31
533,P3,C5,G3,M2,A5,118.4,3310.0,2.5,276.0,543.48,31.72
534,P3,C5,G3,M3,A3,73.65,3300.0,2.5,271.5,552.49,44.55
535,P3,C5,G3,M3,A4,93.65,3330.0,2.5,275.5,544.46,44.14
536,P3,C5,G3,M3,A5,118.65,3390.0,2.5,284.0,528.17,43.36
537,P3,C5,G3,M4,A3,75.6,3260.0,2.5,267.5,560.75,96.63
538,P3,C5,G3,M4,A4,95.6,3290.0,2.5,271.5,552.49,95.74
539,P3,C5,G3,M4,A5,120.6,3350.0,2.5,280.0,535.71,94.03
540,P3,C6,G1,M1,A3,66.2,3538.0,15.0,270.3,554.94,29.68
541,P3,C6,G1,M1,A4,86.2,3568.0,15.0,274.3,546.85,29.43
542,P3,C6,G1,M1,A5,111.2,3628.0,15.0,282.8,530.41,28.94
543,P3,C6,G1,M2,A3,66.4,3516.0,15.0,268.1,559.49,29.86
544,P3,C6,G1,M2,A4,86.4,3546.0,15.0,272.1,551.27,29.61
545,P3,C6,G1,M2,A5,111.4,3606.0,15.0,280.6,534.57,29.12
546,P3,C6,G1,M3,A3,66.65,3596.0,15.0,276.1,543.28,40.88
547,P3,C6,G1,M3,A4,86.65,3626.0,15.0,280.1,535.52,40.54
548,P3,C6,G1,M3,A5,111.65,3686.0,15.0,288.6,519.75,39.88
549,P3,C6,G1,M4,A3,68.6,3556.0,15.0,272.1,551.27,88.58
550,P3,C6,G1,M4,A4,88.6,3586.0,15.0,276.1,543.28,87.84
551,P3,C6,G1,M4,A5,113.6,3646.0,15.0,284.6,527.06,86.4
552,P3,C6,G2,M1,A3,67.7,3538.8,7.5,270.38,554.77,29.67
553,P3,C6,G2,M1,A4,87.7,3568.8,7.5,274.38,546.69,29.42
554,P3,C6,G2,M1,A5,112.7,3628.8,7.5,282.88,530.26,28.94
555,P3,C6,G2,M2,A3,67.9,3516.8,7.5,268.18,559.33,29.86
556,P3,C6,G2,M2,A4,87.9,3546.8,7.5,272.18,551.11,29.6
557,P3,C6,G2,M2,A5,112.9,3606.8,7.5,280.68,534.42,29.11
558,P3,C6,G2,M3,A3,68.15,3596.8,7.5,276.18,543.12,40.87
559,P3,C6,G2,M3,A4,88.15,3626.8,7.5,280.18,535.37,40.53
560,P3,C6,G2,M3,A5,113.15,3686.8,7.5,288.68,519.61,39.87
561,P3,C6,G2,M4,A3,70.1,3556.8,7.5,272.18,551.11,88.56
562,P3,C6,G2,M4,A4,90.1,3586.8,7.5,276.18,543.12,87.82
563,P3,C6,G2,M4,A5,115.1,3646.8,7.5,284.68,526.91,86.38
564,P3,C6,G3,M1,A3,75.2,3542.0,2.5,270.7,554.12,29.64
565,P3,C6,G3,M1,A4,95.2,3572.0,2.5,274.7,546.05,29.4
566,P3,C6,G3,M1,A5,120.2,3632.0,2.5,283.2,529.66,28.91
567,P3,C6,G3,M2,A3,75.4,3520.0,2.5,268.5,558.66,29.83
568,P3,C6,G3,M2,A4,95.4,3550.0,2.5,272.5,550.46,29.58
569,P3,C6,G3,M2,A5,120.4,3610.0,2.5,281.0,533.81,29.09
570,P3,C6,G3,M3,A3,75.65,3600.0,2.5,276.5,542.5,40.83
571,P3,C6,G3,M3,A4,95.65,3630.0,2.5,280.5,534.76,40.5
572,P3,C6,G3,M3,A5,120.65,3690.0,2.5,289.0,519.03,39.84
573,P3,C6,G3,M4,A3,77.6,3560.0,2.5,272.5,550.46,88.48
574,P3,C6,G3,M4,A4,97.6,3590.0,2.5,276.5,542.5,87.74
575,P3,C6,G3,M4,A5,122.6,3650.0,2.5,285.0,526.32,86.3
576,P3,C7,G1,M1,A3,71.2,5038.0,15.0,285.3,525.76,20.84
577,P3,C7,G1,M1,A4,91.2,5068.0,15.0,289.3,518.49,20.72
578,P3,C7,G1,M1,A5,116.2,5128.0,15.0,297.8,503.69,20.48
579,P3,C7,G1,M2,A3,71.4,5016.0,15.0,283.1,529.85,20.93
580,P3,C7,G1,M2,A4,91.4,5046.0,15.0,287.1,522.47,20.81
581,P3,C7,G1,M2,A5,116.4,5106.0,15.0,295.6,507.44,20.56
582,P3,C7,G1,M3,A3,71.65,5096.0,15.0,291.1,515.29,28.85
583,P3,C7,G1,M3,A4,91.65,5126.0,15.0,295.1,508.3,28.68
584,P3,C7,G1,M3,A5,116.65,5186.0,15.0,303.6,494.07,28.35
585,P3,C7,G1,M4,A3,73.6,5056.0,15.0,287.1,522.47,62.3
586,P3,C7,G1,M4,A4,93.6,5086.0,15.0,291.1,515.29,61.93
587,P3,C7,G1,M4,A5,118.6,5146.0,15.0,299.6,500.67,61.21
588,P3,C7,G2,M1,A3,72.7,5038.8,7.5,285.38,525.61,20.84
589,P3,C7,G2,M1,A4,92.7,5068.8,7.5,289.38,518.35,20.71
590,P3,C7,G2,M1,A5,117.7,5128.8,7.5,297.88,503.56,20.47
591,P3,C7,G2,M2,A3,72.9,5016.8,7.5,283.18,529.7,20.93
592,P3,C7,G2,M2,A4,92.9,5046.8,7.5,287.18,522.32,20.81
593,P3,C7,G2,M2,A5,117.9,5106.8,7.5,295.68,507.31,20.56
594,P3,C7,G2,M3,A3,73.15,5096.8,7.5,291.18,515.15,28.84
595,P3,C7,G2,M3,A4,93.15,5126.8,7.5,295.18,508.16,28.67
596,P3,C7,G2,M3,A5,118.15,5186.8,7.5,303.68,493.94,28.34
597,P3,C7,G2,M4,A3,75.1,5056.8,7.5,287.18,522.32,62.29
598,P3,C7,G2,M4,A4,95.1,5086.8,7.5,291.18,515.15,61.92
599,P3,C7,G2,M4,A5,120.1,5146.8,7.5,299.68,500.53,61.2
600,P3,C7,G3,M1,A3,80.2,5042.0,2.5,285.7,525.03,20.83
601,P3,C7,G3,M1,A4,100.2,5072.0,2.5,289.7,517.78,20.7
602,P3,C7,G3,M1,A5,125.2,5132.0,2.5,298.2,503.02,20.46
603,P3,C7,G3,M2,A3,80.4,5020.0,2.5,283.5,529.1,20.92
604,P3,C7,G3,M2,A4,100.4,5050.0,2.5,287.5,521.74,20.79
605,P3,C7,G3,M2,A5,125.4,5110.0,2.5,296.0,506.76,20.55
606,P3,C7,G3,M3,A3,80.65,5100.0,2.5,291.5,514.58,28.82
607,P3,C7,G3,M3,A4,100.65,5130.0,2.5,295.5,507.61,28.65
608,P3,C7,G3,M3,A5,125.65,5190.0,2.5,304.0,493.42,28.32
609,P3,C7,G3,M4,A3,82.6,5060.0,2.5,287.5,521.74,62.25
610,P3,C7,G3,M4,A4,102.6,5090.0,2.5,291.5,514.58,61.89
611,P3,C7,G3,M4,A5,127.6,5150.0,2.5,300.0,500.0,61.17
612,P3,C8,G1,M1,A3,80.2,8038.0,15.0,315.3,475.74,13.06
613,P3,C8,G1,M1,A4,100.2,8068.0,15.0,319.3,469.78,13.01
614,P3,C8,G1,M1,A5,125.2,8128.0,15.0,327.8,457.6,12.92
615,P3,C8,G1,M2,A3,80.4,8016.0,15.0,313.1,479.08,13.1
616,P3,C8,G1,M2,A4,100.4,8046.0,15.0,317.1,473.04,13.05
617,P3,C8,G1,M2,A5,125.4,8106.0,15.0,325.6,460.69,12.95
618,P3,C8,G1,M3,A3,80.65,8096.0,15.0,321.1,467.14,18.16
619,P3,C8,G1,M3,A4,100.65,8126.0,15.0,325.1,461.4,18.09
620,P3,C8,G1,M3,A5,125.65,8186.0,15.0,333.6,449.64,17.96
621,P3,C8,G1,M4,A3,82.6,8056.0,15.0,317.1,473.04,39.1
622,P3,C8,G1,M4,A4,102.6,8086.0,15.0,321.1,467.14,38.96
623,P3,C8,G1,M4,A5,127.6,8146.0,15.0,329.6,455.1,38.67
624,P3,C8,G2,M1,A3,81.7,8038.8,7.5,315.38,475.62,13.06
625,P3,C8,G2,M1,A4,101.7,8068.8,7.5,319.38,469.66,13.01
626,P3,C8,G2,M1,A5,126.7,8128.8,7.5,327.88,457.48,12.92
627,P3,C8,G2,M2,A3,81.9,8016.8,7.5,313.18,478.96,13.1
628,P3,C8,G2,M2,A4,101.9,8046.8,7.5,317.18,472.92,13.05
629,P3,C8,G2,M2,A5,126.9,8106.8,7.5,325.68,460.57,12.95
630,P3,C8,G2,M3,A3,82.15,8096.8,7.5,321.18,467.03,18.16
631,P3,C8,G2,M3,A4,102.15,8126.8,7.5,325.18,461.28,18.09
632,P3,C8,G2,M3,A5,127.15,8186.8,7.5,333.68,449.53,17.96
633,P3,C8,G2,M4,A3,84.1,8056.8,7.5,317.18,472.92,39.1
634,P3,C8,G2,M4,A4,104.1,8086.8,7.5,321.18,467.03,38.95
635,P3,C8,G2,M4,A5,129.1,8146.8,7.5,329.68,454.99,38.67
636,P3,C8,G3,M1,A3,89.2,8042.0,2.5,315.7,475.13,13.06
637,P3,C8,G3,M1,A4,109.2,8072.0,2.5,319.7,469.19,13.01
638,P3,C8,G3,M1,A5,134.2,8132.0,2.5,328.2,457.04,12.91
639,P3,C8,G3,M2,A3,89.4,8020.0,2.5,313.5,478.47,13.09
640,P3,C8,G3,M2,A4,109.4,8050.0,2.5,317.5,472.44,13.04
641,P3,C8,G3,M2,A5,134.4,8110.0,2.5,326.0,460.12,12.95
642,P3,C8,G3,M3,A3,89.65,8100.0,2.5,321.5,466.56,18.15
643,P3,C8,G3,M3,A4,109.65,8130.0,2.5,325.5,460.83,18.08
644,P3,C8,G3,M3,A5,134.65,8190.0,2.5,334.0,449.1,17.95
645,P3,C8,G3,M4,A3,91.6,8060.0,2.5,317.5,472.44,39.08
646,P3,C8,G3,M4,A4,111.6,8090.0,2.5,321.5,466.56,38.94
647,P3,C8,G3,M4,A5,136.6,8150.0,2.5,330.0,454.55,38.65
648,P4,C6,G1,M1,A3,66.2,3603.0,19.0,276.8,686.42,29.14
649,P4,C6,G1,M1,A4,86.2,3633.0,19.0,280.8,676.64,28.9
650,P4,C6,G1,M1,A5,111.2,3693.0,19.0,289.3,656.76,28.43
651,P4,C6,G1,M2,A3,66.4,3581.0,19.0,274.6,691.92,29.32
652,P4,C6,G1,M2,A4,86.4,3611.0,19.0,278.6,681.98,29.08
653,P4,C6,G1,M2,A5,111.4,3671.0,19.0,287.1,661.79,28.6
654,P4,C6,G1,M3,A3,66.65,3661.0,19.0,282.6,672.33,40.15
655,P4,C6,G1,M3,A4,86.65,3691.0,19.0,286.6,662.94,39.83
656,P4,C6,G1,M3,A5,111.65,3751.0,19.0,295.1,643.85,39.19
657,P4,C6,G1,M4,A3,68.6,3621.0,19.0,278.6,681.98,86.99
658,P4,C6,G1,M4,A4,88.6,3651.0,19.0,282.6,672.33,86.28
659,P4,C6,G1,M4,A5,113.6,3711.0,19.0,291.1,652.7,84.88
660,P4,C6,G2,M1,A3,67.7,3603.8,9.5,276.88,686.22,29.14
661,P4,C6,G2,M1,A4,87.7,3633.8,9.5,280.88,676.45,28.9
662,P4,C6,G2,M1,A5,112.7,3693.8,9.5,289.38,656.58,28.43
663,P4,C6,G2,M2,A3,67.9,3581.8,9.5,274.68,691.71,29.31
664,P4,C6,G2,M2,A4,87.9,3611.8,9.5,278.68,681.79,29.07
665,P4,C6,G2,M2,A5,112.9,3671.8,9.5,287.18,661.61,28.6
666,P4,C6,G2,M3,A3,68.15,3661.8,9.5,282.68,672.14,40.14
667,P4,C6,G2,M3,A4,88.15,3691.8,9.5,286.68,662.76,39.82
668,P4,C6,G2,M3,A5,113.15,3751.8,9.5,295.18,643.68,39.18
669,P4,C6,G2,M4,A3,70.1,3621.8,9.5,278.68,681.79,86.97
670,P4,C6,G2,M4,A4,90.1,3651.8,9.5,282.68,672.14,86.26
671,P4,C6,G2,M4,A5,115.1,3711.8,9.5,291.18,652.52,84.86
672,P4,C6,G3,M1,A3,75.2,3607.0,3.17,277.2,685.43,29.11
673,P4,C6,G3,M1,A4,95.2,3637.0,3.17,281.2,675.68,28.87
674,P4,C6,G3,M1,A5,120.2,3697.0,3.17,289.7,655.85,28.4
675,P4,C6,G3,M2,A3,75.4,3585.0,3.17,275.0,690.91,29.29
676,P4,C6,G3,M2,A4,95.4,3615.0,3.17,279.0,681.0,29.05
677,P4,C6,G3,M2,A5,120.4,3675.0,3.17,287.5,660.87,28.57
678,P4,C6,G3,M3,A3,75.65,3665.0,3.17,283.0,671.38,40.11
679,P4,C6,G3,M3,A4,95.65,3695.0,3.17,287.0,662.02,39.78
680,P4,C6,G3,M3,A5,120.65,3755.0,3.17,295.5,642.98,39.15
681,P4,C6,G3,M4,A3,77.6,3625.0,3.17,279.0,681.0,86.9
682,P4,C6,G3,M4,A4,97.6,3655.0,3.17,283.0,671.38,86.18
683,P4,C6,G3,M4,A5,122.6,3715.0,3.17,291.5,651.8,84.79
684,P4,C7,G1,M1,A3,71.2,5103.0,19.0,291.8,651.13,20.58
685,P4,C7,G1,M1,A4,91.2,5133.0,19.0,295.8,642.33,20.46
686,P4,C7,G1,M1,A5,116.2,5193.0,19.0,304.3,624.38,20.22
687,P4,C7,G1,M2,A3,71.4,5081.0,19.0,289.6,656.08,20.67
688,P4,C7,G1,M2,A4,91.4,5111.0,19.0,293.6,647.14,20.54
689,P4,C7,G1,M2,A5,116.4,5171.0,19.0,302.1,628.93,20.31
690,P4,C7,G1,M3,A3,71.65,5161.0,19.0,297.6,638.44,28.48
691,P4,C7,G1,M3,A4,91.65,5191.0,19.0,301.6,629.97,28.32
692,P4,C7,G1,M3,A5,116.65,5251.0,19.0,310.1,612.71,27.99
693,P4,C7,G1,M4,A3,73.6,5121.0,19.0,293.6,647.14,61.51
694,P4,C7,G1,M4,A4,93.6,5151.0,19.0,297.6,638.44,61.15
695,P4,C7,G1,M4,A5,118.6,5211.0,19.0,306.1,620.71,60.45
696,P4,C7,G2,M1,A3,72.7,5103.8,9.5,291.88,650.95,20.57
697,P4,C7,G2,M1,A4,92.7,5133.8,9.5,295.88,642.15,20.45
698,P4,C7,G2,M1,A5,117.7,5193.8,9.5,304.38,624.22,20.22
699,P4,C7,G2,M2,A3,72.9,5081.8,9.5,289.68,655.9,20.66
700,P4,C7,G2,M2,A4,92.9,5111.8,9.5,293.68,646.96,20.54
701,P4,C7,G2,M2,A5,117.9,5171.8,9.5,302.18,628.76,20.3
702,P4,C7,G2,M3,A3,73.15,5161.8,9.5,297.68,638.27,28.48
703,P4,C7,G2,M3,A4,93.15,5191.8,9.5,301.68,629.81,28.31
704,P4,C7,G2,M3,A5,118.15,5251.8,9.5,310.18,612.55,27.99
705,P4,C7,G2,M4,A3,75.1,5121.8,9.5,293.68,646.96,61.5
706,P4,C7,G2,M4,A4,95.1,5151.8,9.5,297.68,638.27,61.14
707,P4,C7,G2,M4,A5,120.1,5211.8,9.5,306.18,620.55,60.44
708,P4,C7,G3,M1,A3,80.2,5107.0,3.17,292.2,650.24,20.56
709,P4,C7,G3,M1,A4,100.2,5137.0,3.17,296.2,641.46,20.44
710,P4,C7,G3,M1,A5,125.2,5197.0,3.17,304.7,623.56,20.2
711,P4,C7,G3,M2,A3,80.4,5085.0,3.17,290.0,655.17,20.65
712,P4,C7,G3,M2,A4,100.4,5115.0,3.17,294.0,646.26,20.53
713,P4,C7,G3,M2,A5,125.4,5175.0,3.17,302.5,628.1,20.29
714,P4,C7,G3,M3,A3,80.65,5165.0,3.17,298.0,637.58,28.46
715,P4,C7,G3,M3,A4,100.65,5195.0,3.17,302.0,629.14,28.3
716,P4,C7,G3,M3,A5,125.65,5255.0,3.17,310.5,611.92,27.97
717,P4,C7,G3,M4,A3,82.6,5125.0,3.17,294.0,646.26,61.46
718,P4,C7,G3,M4,A4,102.6,5155.0,3.17,298.0,637.58,61.11
719,P4,C7,G3,M4,A5,127.6,5215.0,3.17,306.5,619.9,60.4
720,P4,C8,G1,M1,A3,80.2,8103.0,19.0,321.8,590.43,12.96
721,P4,C8,G1,M1,A4,100.2,8133.0,19.0,325.8,583.18,12.91
722,P4,C8,G1,M1,A5,125.2,8193.0,19.0,334.3,568.35,12.82
723,P4,C8,G1,M2,A3,80.4,8081.0,19.0,319.6,594.49,12.99
724,P4,C8,G1,M2,A4,100.4,8111.0,19.0,323.6,587.14,12.95
725,P4,C8,G1,M2,A5,125.4,8171.0,19.0,332.1,572.12,12.85
726,P4,C8,G1,M3,A3,80.65,8161.0,19.0,327.6,579.98,18.01
727,P4,C8,G1,M3,A4,100.65,8191.0,19.0,331.6,572.98,17.95
728,P4,C8,G1,M3,A5,125.65,8251.0,19.0,340.1,558.66,17.82
729,P4,C8,G1,M4,A3,82.6,8121.0,19.0,323.6,587.14,38.79
730,P4,C8,G1,M4,A4,102.6,8151.0,19.0,327.6,579.98,38.65
731,P4,C8,G1,M4,A5,127.6,8211.0,19.0,336.1,565.31,38.36
732,P4,C8,G2,M1,A3,81.7,8103.8,9.5,321.88,590.28,12.96
733,P4,C8,G2,M1,A4,101.7,8133.8,9.5,325.88,583.04,12.91
734,P4,C8,G2,M1,A5,126.7,8193.8,9.5,334.38,568.22,12.81
735,P4,C8,G2,M2,A3,81.9,8081.8,9.5,319.68,594.34,12.99
736,P4,C8,G2,M2,A4,101.9,8111.8,9.5,323.68,587.0,12.94
737,P4,C8,G2,M2,A5,126.9,8171.8,9.5,332.18,571.98,12.85
738,P4,C8,G2,M3,A3,82.15,8161.8,9.5,327.68,579.83,18.01
739,P4,C8,G2,M3,A4,102.15,8191.8,9.5,331.68,572.84,17.94
740,P4,C8,G2,M3,A5,127.15,8251.8,9.5,340.18,558.53,17.81
741,P4,C8,G2,M4,A3,84.1,8121.8,9.5,323.68,587.0,38.78
742,P4,C8,G2,M4,A4,104.1,8151.8,9.5,327.68,579.83,38.64
743,P4,C8,G2,M4,A5,129.1,8211.8,9.5,336.18,565.17,38.36
744,P4,C8,G3,M1,A3,89.2,8107.0,3.17,322.2,589.7,12.95
745,P4,C8,G3,M1,A4,109.2,8137.0,3.17,326.2,582.46,12.9
746,P4,C8,G3,M1,A5,134.2,8197.0,3.17,334.7,567.67,12.81
747,P4,C8,G3,M2,A3,89.4,8085.0,3.17,320.0,593.75,12.99
748,P4,C8,G3,M2,A4,109.4,8115.0,3.17,324.0,586.42,12.94
749,P4,C8,G3,M2,A5,134.4,8175.0,3.17,332.5,571.43,12.84
750,P4,C8,G3,M3,A3,89.65,8165.0,3.17,328.0,579.27,18.0
751,P4,C8,G3,M3,A4,109.65,8195.0,3.17,332.0,572.29,17.94
752,P4,C8,G3,M3,A5,134.65,8255.0,3.17,340.5,558.0,17.81
753,P4,C8,G3,M4,A3,91.6,8125.0,3.17,324.0,586.42,38.77
754,P4,C8,G3,M4,A4,111.6,8155.0,3.17,328.0,579.27,38.63
755,P4,C8,G3,M4,A5,136.6,8215.0,3.17,336.5,564.64,38.34
756,P5,C7,G1,M1,A3,80.2,5358.0,25.0,317.3,787.9,19.6
757,P5,C7,G1,M1,A4,100.2,5388.0,25.0,321.3,778.09,19.49
758,P5,C7,G1,M1,A5,125.2,5448.0,25.0,329.8,758.04,19.27
759,P5,C7,G1,M2,A3,80.4,5336.0,25.0,315.1,793.4,19.68
760,P5,C7,G1,M2,A4,100.4,5366.0,25.0,319.1,783.45,19.57
761,P5,C7,G1,M2,A5,125.4,5426.0,25.0,327.6,763.13,19.35
762,P5,C7,G1,M3,A3,80.65,5416.0,25.0,323.1,773.75,27.14
763,P5,C7,G1,M3,A4,100.65,5446.0,25.0,327.1,764.29,26.99
764,P5,C7,G1,M3,A5,125.65,5506.0,25.0,335.6,744.93,26.7
765,P5,C7,G1,M4,A3,82.6,5376.0,25.0,319.1,783.45,58.59
766,P5,C7,G1,M4,A4,102.6,5406.0,25.0,323.1,773.75,58.27
767,P5,C7,G1,M4,A5,127.6,5466.0,25.0,331.6,753.92,57.63
768,P5,C7,G2,M1,A3,81.7,5358.8,12.5,317.38,787.7,19.59
769,P5,C7,G2,M1,A4,101.7,5388.8,12.5,321.38,777.9,19.48
770,P5,C7,G2,M1,A5,126.7,5448.8,12.5,329.88,757.85,19.27
771,P5,C7,G2,M2,A3,81.9,5336.8,12.5,315.18,793.2,19.67
772,P5,C7,G2,M2,A4,101.9,5366.8,12.5,319.18,783.26,19.56
773,P5,C7,G2,M2,A5,126.9,5426.8,12.5,327.68,762.94,19.35
774,P5,C7,G2,M3,A3,82.15,5416.8,12.5,323.18,773.56,27.14
775,P5,C7,G2,M3,A4,102.15,5446.8,12.5,327.18,764.11,26.99
776,P5,C7,G2,M3,A5,127.15,5506.8,12.5,335.68,744.76,26.69
777,P5,C7,G2,M4,A3,84.1,5376.8,12.5,319.18,783.26,58.59
778,P5,C7,G2,M4,A4,104.1,5406.8,12.5,323.18,773.56,58.26
779,P5,C7,G2,M4,A5,129.1,5466.8,12.5,331.68,753.74,57.62
780,P5,C7,G3,M1,A3,89.2,5362.0,4.17,317.7,786.91,19.58
781,P5,C7,G3,M1,A4,109.2,5392.0,4.17,321.7,777.12,19.47
782,P5,C7,G3,M1,A5,134.2,5452.0,4.17,330.2,757.12,19.26
783,P5,C7,G3,M2,A3,89.4,5340.0,4.17,315.5,792.39,19.66
784,P5,C7,G3,M2,A4,109.4,5370.0,4.17,319.5,782.47,19.55
785,P5,C7,G3,M2,A5,134.4,5430.0,4.17,328.0,762.2,19.34
786,P5,C7,G3,M3,A3,89.65,5420.0,4.17,323.5,772.8,27.12
787,P5,C7,G3,M3,A4,109.65,5450.0,4.17,327.5,763.36,26.97
788,P5,C7,G3,M3,A5,134.65,5510.0,4.17,336.0,744.05,26.68
789,P5,C7,G3,M4,A3,91.6,5380.0,4.17,319.5,782.47,58.55
790,P5,C7,G3,M4,A4,111.6,5410.0,4.17,323.5,772.8,58.23
791,P5,C7,G3,M4,A5,136.6,5470.0,4.17,332.0,753.01,57.59
792,P5,C8,G1,M1,A3,89.2,8358.0,25.0,347.3,719.84,12.56
793,P5,C8,G1,M1,A4,109.2,8388.0,25.0,351.3,711.64,12.52
794,P5,C8,G1,M1,A5,134.2,8448.0,25.0,359.8,694.83,12.43
795,P5,C8,G1,M2,A3,89.4,8336.0,25.0,345.1,724.43,12.6
796,P5,C8,G1,M2,A4,109.4,8366.0,25.0,349.1,716.13,12.55
797,P5,C8,G1,M2,A5,134.4,8426.0,25.0,357.6,699.11,12.46
798,P5,C8,G1,M3,A3,89.65,8416.0,25.0,353.1,708.01,17.47
799,P5,C8,G1,M3,A4,109.65,8446.0,25.0,357.1,700.08,17.4
800,P5,C8,G1,M3,A5,134.65,8506.0,25.0,365.6,683.81,17.28
801,P5,C8,G1,M4,A3,91.6,8376.0,25.0,349.1,716.13,37.61
802,P5,C8,G1,M4,A4,111.6,8406.0,25.0,353.1,708.01,37.47
803,P5,C8,G1,M4,A5,136.6,8466.0,25.0,361.6,691.37,37.21
804,P5,C8,G2,M1,A3,90.7,8358.8,12.5,347.38,719.67,12.56
805,P5,C8,G2,M1,A4,110.7,8388.8,12.5,351.38,711.48,12.52
806,P5,C8,G2,M1,A5,135.7,8448.8,12.5,359.88,694.68,12.43
807,P5,C8,G2,M2,A3,90.9,8336.8,12.5,345.18,724.26,12.59
808,P5,C8,G2,M2,A4,110.9,8366.8,12.5,349.18,715.96,12.55
809,P5,C8,G2,M2,A5,135.9,8426.8,12.5,357.68,698.95,12.46
810,P5,C8,G2,M3,A3,91.15,8416.8,12.5,353.18,707.85,17.47
811,P5,C8,G2,M3,A4,111.15,8446.8,12.5,357.18,699.93,17.4
812,P5,C8,G2,M3,A5,136.15,8506.8,12.5,365.68,683.66,17.28
813,P5,C8,G2,M4,A3,93.1,8376.8,12.5,349.18,715.96,37.6
814,P5,C8,G2,M4,A4,113.1,8406.8,12.5,353.18,707.85,37.47
815,P5,C8,G2,M4,A5,138.1,8466.8,12.5,361.68,691.22,37.2
816,P5,C8,G3,M1,A3,98.2,8362.0,4.17,347.7,719.01,12.56
817,P5,C8,G3,M1,A4,118.2,8392.0,4.17,351.7,710.83,12.51
818,P5,C8,G3,M1,A5,143.2,8452.0,4.17,360.2,694.06,12.42
819,P5,C8,G3,M2,A3,98.4,8340.0,4.17,345.5,723.59,12.59
820,P5,C8,G3,M2,A4,118.4,8370.0,4.17,349.5,715.31,12.54
821,P5,C8,G3,M2,A5,143.4,8430.0,4.17,358.0,698.32,12.46
822,P5,C8,G3,M3,A3,98.65,8420.0,4.17,353.5,707.21,17.46
823,P5,C8,G3,M3,A4,118.65,8450.0,4.17,357.5,699.3,17.4
824,P5,C8,G3,M3,A5,143.65,8510.0,4.17,366.0,683.06,17.27
825,P5,C8,G3,M4,A3,100.6,8380.0,4.17,349.5,715.31,37.59
826,P5,C8,G3,M4,A4,120.6,8410.0,4.17,353.5,707.21,37.46
827,P5,C8,G3,M4,A5,145.6,8470.0,4.17,362.0,690.61,37.19
828,P6,C8,G1,M1,A3,89.2,8713.0,31.0,382.8,809.82,12.05
829,P6,C8,G1,M1,A4,109.2,8743.0,31.0,386.8,801.45,12.01
830,P6,C8,G1,M1,A5,134.2,8803.0,31.0,395.3,784.21,11.93
831,P6,C8,G1,M2,A3,89.4,8691.0,31.0,380.6,814.5,12.08
832,P6,C8,G1,M2,A4,109.4,8721.0,31.0,384.6,806.03,12.04
833,P6,C8,G1,M2,A5,134.4,8781.0,31.0,393.1,788.6,11.96
834,P6,C8,G1,M3,A3,89.65,8771.0,31.0,388.6,797.74,16.76
835,P6,C8,G1,M3,A4,109.65,8801.0,31.0,392.6,789.61,16.7
836,P6,C8,G1,M3,A5,134.65,8861.0,31.0,401.1,772.87,16.59
837,P6,C8,G1,M4,A3,91.6,8731.0,31.0,384.6,806.03,36.08
838,P6,C8,G1,M4,A4,111.6,8761.0,31.0,388.6,797.74,35.95
839,P6,C8,G1,M4,A5,136.6,8821.0,31.0,397.1,780.66,35.71
840,P6,C8,G2,M1,A3,90.7,8713.8,15.5,382.88,809.65,12.05
841,P6,C8,G2,M1,A4,110.7,8743.8,15.5,386.88,801.28,12.01
842,P6,C8,G2,M1,A5,135.7,8803.8,15.5,395.38,784.06,11.93
843,P6,C8,G2,M2,A3,90.9,8691.8,15.5,380.68,814.33,12.08
844,P6,C8,G2,M2,A4,110.9,8721.8,15.5,384.68,805.86,12.04
845,P6,C8,G2,M2,A5,135.9,8781.8,15.5,393.18,788.44,11.96
846,P6,C8,G2,M3,A3,91.15,8771.8,15.5,388.68,797.57,16.76
847,P6,C8,G2,M3,A4,111.15,8801.8,15.5,392.68,789.45,16.7
848,P6,C8,G2,M3,A5,136.15,8861.8,15.5,401.18,772.72,16.59
849,P6,C8,G2,M4,A3,93.1,8731.8,15.5,384.68,805.86,36.08
850,P6,C8,G2,M4,A4,113.1,8761.8,15.5,388.68,797.57,35.95
851,P6,C8,G2,M4,A5,138.1,8821.8,15.5,397.18,780.5,35.71
852,P6,C8,G3,M1,A3,98.2,8717.0,5.17,383.2,808.98,12.05
853,P6,C8,G3,M1,A4,118.2,8747.0,5.17,387.2,800.62,12.0
854,P6,C8,G3,M1,A5,143.2,8807.0,5.17,395.7,783.42,11.92
855,P6,C8,G3,M2,A3,98.4,8695.0,5.17,381.0,813.65,12.08
856,P6,C8,G3,M2,A4,118.4,8725.0,5.17,385.0,805.19,12.03
857,P6,C8,G3,M2,A5,143.4,8785.0,5.17,393.5,787.8,11.95
858,P6,C8,G3,M3,A3,98.65,8775.0,5.17,389.0,796.92,16.75
859,P6,C8,G3,M3,A4,118.65,8805.0,5.17,393.0,788.8,16.7
860,P6,C8,G3,M3,A5,143.65,8865.0,5.17,401.5,772.1,16.58
861,P6,C8,G3,M4,A3,100.6,8735.0,5.17,385.0,805.19,36.06
862,P6,C8,G3,M4,A4,120.6,8765.0,5.17,389.0,796.92,35.94
863,P6,C8,G3,M4,A5,145.6,8825.0,5.17,397.5,779.87,35.69
